,uic,name,lat,lng,address
0,8400301,Heerenveen IJsstadion,52.9352760314941,5.94388866424561,"2, Uraniumweg, Heerenveen, Fryslân, Nederland, 8445 PH, Nederland"
1,8400534,Rotterdam Stadion,51.8938903808594,4.51972198486328,"Rotterdam Stadion, Olympiaweg, De Veranda, Oud-IJsselmonde, IJsselmonde, Rotterdam, Zuid-Holland, Nederland, 3077 AL, Nederland"
2,8400058,Amsterdam Centraal,52.3788871765137,4.90027761459351,"5a, IJ-hal, Centrum, Amsterdam, Noord-Holland, Nederland, 1012 AA, Nederland"
3,8400282,Den Haag Centraal,52.0802764892578,4.32499980926514,"Rijnstraat, Rivierenbuurt, Centrum, Den Haag, Zuid-Holland, Nederland, 2511 XZ, Nederland"
4,8400206,Eindhoven Centraal,51.4433326721191,5.48138904571533,"Spoor 5, Kennedyplein, Fellenoord, Centrum, Eindhoven, Noord-Brabant, Nederland, 5611 ZV, Nederland"
5,8400530,Rotterdam Centraal,51.9249992370605,4.46888875961304,"Spoor 8, Stationssingel, Provenierswijk, Noord, Rotterdam, Zuid-Holland, Nederland, 3033 HB, Nederland"
6,8400561,Schiphol Airport,52.3094444274902,4.76194429397583,"Aankomstpassage, Schiphol, Haarlemmermeer, Noord-Holland, Nederland, 1118 AX, Nederland"
7,8400621,Utrecht Centraal,52.0888900756836,5.11027765274048,"14, Moreelsebrug, Hoog Catharijne, Ns, Jaarbeurs, Binnenstad City- En Winkelgebied, Binnenstad, Utrecht, Nederland, 3521 AW, Nederland"
8,8400319,'s-Hertogenbosch,51.69048,5.29362,"Spoor 4b, Het Zand, Binnenstad, 's-Hertogenbosch, Noord-Brabant, Nederland, 5211 AZ, Nederland"
9,8400050,Alkmaar,52.6377792358398,4.73972225189209,"2, Stationstraat, Spoorbuurt, Alkmaar, Noord-Holland, Nederland, 1815 BD, Nederland"
10,8400051,Almelo,52.3580551147461,6.65388870239258,"3, W.H. Vliegenhof, Wierdensehoek, Almelo, Overijssel, Nederland, 7604 VN, Nederland"
11,8400080,Almere Centrum,52.37503,5.21764,"Almere Centrum, Busplein, Centrum, Almere Stad, Almere, Flevoland, Nederland, 1315 KR, Nederland"
12,8400053,Alphen a/d Rijn,52.1244430541992,4.65777778625488,"Spoor 1, Stationsplein, Europapleinbuurt, Hoge Zijde, Alphen aan den Rijn, Zuid-Holland, Nederland, 2405 BJ, Nederland"
13,8400055,Amersfoort Centraal,52.1538887023926,5.37055540084839,"Achterom, De Berg-Noord, Amersfoort, Utrecht, Nederland, 3818 LE, Nederland"
14,8400059,Amsterdam Sloterdijk,52.3888893127441,4.83777761459351,"Spoor 7, Radarweg, Nieuw-West, Amsterdam, Noord-Holland, Nederland, 1043 CR, Nederland"
15,8400066,Apeldoorn,52.2091674804687,5.97027778625488,"4, Stationstunnel, De Haven, Centrum, Apeldoorn, Gelderland, Nederland, 7331 VX, Nederland"
16,8400071,Arnhem Centraal,51.9850006103516,5.89916658401489,"Renssenstraat, Stationsplein, Centrum, Arnhem, Gelderland, Nederland, 6811 KM, Nederland"
17,8400073,Assen,52.9916648864746,6.57083320617676,"Stationsplein, Centrum, Assen, Drenthe, Nederland, 9401 LB, Nederland"
18,8400131,Breda,51.5955543518066,4.78000020980835,"Spoor 7, Stationshal, Belcrum, Noord, Breda, Noord-Brabant, Nederland, 4811 BN, Nederland"
19,8400170,Delft,52.0066680908203,4.35638904571533,"Coenderstraat, Stationsplein, Binnenstad, Delft, Zuid-Holland, Nederland, 2611 DV, Nederland"
20,8400280,Den Haag HS,52.0697212219238,4.32250022888184,"Stationsplein, Stationsbuurt, Centrum, Den Haag, Zuid-Holland, Nederland, 2515 RT, Nederland"
21,8400173,Deventer,52.2574996948242,6.16055536270142,"Diepenveenseweg, Oosterstraat, Voorstad, Deventer, Overijssel, Nederland, 7413 ZS, Nederland"
22,8400180,Dordrecht,51.8072204589844,4.66833353042603,"Burgemeester de Raadtsingel, Dordrecht, Zuid-Holland, Nederland, 3311 JW, Nederland"
23,8400200,Ede-Wageningen,52.0277786254883,5.67305564880371,"Klinkenbergerweg, Stationsbuurt, Ede, Gelderland, Nederland, 6717 LV, Nederland"
24,8400212,Enschede,52.2224998474121,6.8899998664856,"Stationsplein, Stadsmaten, Enschede, Overijssel, Nederland, 7511 JE, Nederland"
25,8400258,Gouda,52.0175018310547,4.70444440841675,"Spoor 5, Spoorzijde, Binnenstad, Gouda, Zuid-Holland, Nederland, 2801 AZ, Nederland"
26,8400263,Groningen,53.2105560302734,6.56472206115723,"2, Onderdoor, Stationsgebied, Centrum, Groningen, Nederland, 9726 AC, Nederland"
27,8400285,Haarlem,52.3877792358398,4.63833332061768,"Stationsplein, Frans Halsbuurt, Haarlem, Noord-Holland, Nederland, 2011 LN, Nederland"
28,8400307,Heerlen,50.8908348083496,5.97499990463257,"57, Spoorplein, Maankwartier, Heerlen, Limburg, Nederland, 6411 NZ, Nederland"
29,8400313,Helmond,51.4755554199219,5.66194438934326,"Spoor 1, Stationsplein, Stationsgebied, Binnenstad, Helmond, Noord-Brabant, Nederland, 5701 PA, Nederland"
30,8400316,Hengelo,52.2616653442383,6.79388904571533,"3a, Spoorstraat, Hengelo, Overijssel, Nederland, 7551 CN, Nederland"
31,8400322,Hilversum,52.2258338928223,5.18194437026978,"1, Schapenkamp, Hilversum, Noord-Holland, Nederland, 1211 NV, Nederland"
32,8400337,Hoorn,52.6447219848633,5.05555534362793,"1, Stationsplein, Hoorn-Noord, Hoorn, Noord-Holland, Nederland, 1621 HS, Nederland"
33,8400387,Leeuwarden,53.1958351135254,5.79222202301025,"5a, Achter het Station, Huizum-West, Leeuwarden, Fryslân, Nederland, 8932 EW, Nederland"
34,8400390,Leiden Centraal,52.1661109924316,4.48166656494141,"Leiden Centraal, Anna Grollstraat, Stationsbuurt, Boerhaave, Leiden, Zuid-Holland, Nederland, 2333 CX, Nederland"
35,8400394,Lelystad Centrum,52.5077781677246,5.47277784347534,"Spoor 3, Stationsplein, Hanzepark, Stadshart, Lelystad, Flevoland, Nederland, 8232 DL, Nederland"
36,8400424,Maastricht,50.8502769470215,5.70555543899536,"27A-05, Stationsplein, Wyck, Maastricht-Centrum, Maastricht, Limburg, Nederland, 6221 BT, Nederland"
37,8400470,Nijmegen,51.8436126708984,5.85222244262695,"Tunnelweg, Wolfskuil, Nijmegen-Oud-West, Nijmegen, Gelderland, Nederland, 6512 AA, Nederland"
38,8400495,Oss,51.7655563354492,5.53222227096558,"Oss, Spoorlaan, Buurt Berghemseweg-Zuid, Oss Zuid, Oss, Noord-Brabant, Nederland, 5348 KC, Nederland"
39,8400523,Roermond,51.1930541992188,5.9941668510437,"Spoor 1, Spoorlaan Noord, Vrijveld, Roermond-Oost, Roermond, Limburg, Nederland, 6043 AR, Nederland"
40,8400526,Roosendaal,51.5402793884277,4.45833349227905,"Spoor 3a, Spoor 4a, Borchwerf Noord, Roosendaal, Noord-Brabant, Nederland, 4702 VZ, Nederland"
41,8400564,Sittard,51.0016670227051,5.85861110687256,"Spoor 3a, Brugstraat, Sittard, Sittard-Geleen, Limburg, Nederland, 6131 AE, Nederland"
42,8400597,Tilburg,51.5605545043945,5.08361101150513,"Stationspassage, Tilburg Centrum, Oud-Noord, Tilburg, Noord-Brabant, Nederland, 5038 CA, Nederland"
43,8400644,Venlo,51.3636093139648,6.17277765274048,"Kaldenkerkerweg, Hagerhof, Blerick, Venlo, Limburg, Nederland, 5913 AE, Nederland"
44,8400652,Vlissingen,51.4458351135254,3.59527778625488,"Spoor 3, Prins Hendrikweg, Vlissingen, Zeeland, Nederland, 4382 ZB, Nederland"
45,8400731,Zaandam,52.4388885498047,4.81361103057861,"2, Station Zaandam, Zaandam, Zaanstad, Noord-Holland, Nederland, 1506 MZ, Nederland"
46,8400744,Zutphen,52.1452789306641,6.19416666030884,"NS Stationstunnel, Noorderhaven, De Hoven, Zutphen, Gelderland, Nederland, 7202 AL, Nederland"
47,8400747,Zwolle,52.5047225952148,6.09194421768188,"Stationspassage, Stationsbuurt, Assendorp, Zwolle, Overijssel, Nederland, 8017 JR, Nederland"
48,8400057,Amsterdam Amstel,52.3466682434082,4.91777801513672,"11, Julianapassage, Oost, Amsterdam, Noord-Holland, Nederland, 1097 JT, Nederland"
49,8400061,Amsterdam Zuid,52.338889,4.872356,"Ringweg-Zuid, Mahler, Zuidas, Zuid, Amsterdam, Noord-Holland, Nederland, 1082 MM, Nederland"
50,8400151,Castricum,52.5458335876465,4.65861129760742,"Westerplein, Castricum, Noord-Holland, Nederland, 1901 AA, Nederland"
51,8400311,Den Helder,52.9552764892578,4.76111125946045,"3, Boerhaavestraat, Tuindorp-Oost, Sluisdijk, Den Helder, Noord-Holland, Nederland, 1782 AB, Nederland"
52,8400176,Dieren,52.0449981689453,6.10305547714233,"2, Burgemeester de Bruinstraat, Dieren, Rheden, Gelderland, Nederland, 6953 AB, Nederland"
53,8400218,Etten-Leur,51.5750007629395,4.63583326339722,"Stationsplein, Grient, Etten-Leur, Noord-Brabant, Nederland, 4874 MZ, Nederland"
54,8400302,Heemstede-Aerdenhout,52.3591651916504,4.60666656494141,"Leidsevaartweg, Heemstede, Noord-Holland, Nederland, 2106 ET, Nederland"
55,8400305,Heerenveen,52.9613876342773,5.91416645050049,"Jutte, Heerenveen, Fryslân, Nederland, 8447 AA, Nederland"
56,8400486,Olst,52.3347206115723,6.11305570602417,"Stationsweg, Boskamp, Olst, Olst-Wijhe, Overijssel, Nederland, 8121 CL, Nederland"
57,8400507,Rotterdam Alexander,51.9519462585449,4.55361127853394,"Spoor 2, G.H. Betzweg, Oosterflank, Prins Alexander, Rotterdam, Zuid-Holland, Nederland, 3068 AZ, Nederland"
58,8400578,Steenwijk,52.7915109924316,6.11455576324463,"2, Meester Zigher ter Steghestraat, Steenwijk, Steenwijkerland, Overijssel, Nederland, 8331 KJ, Nederland"
59,8400684,Weert,51.2486114501953,5.70361089706421,"Spoor 3b, Louis Regoutstraat, Parkhof, Keent, Weert, Limburg, Nederland, 6001 KC, Nederland"
60,8400711,Wijhe,52.3902778625488,6.1405553817749,"Spoorslag, Boerhaar, Wijhe, Olst-Wijhe, Overijssel, Nederland, 8131 AE, Nederland"
61,8400139,Buitenpost,53.2564547,6.1446496,"Buitenpost, Achtkarspelen, Fryslân, Nederland, 9285 VW, Nederland"
62,8400153,Coevorden,52.6636123657227,6.73555564880371,"Relus ter Beekplein, Holwert, Coevorden, Drenthe, Nederland, 7741 GZ, Nederland"
63,8400428,Mariënberg,52.5094451904297,6.57527780532837,"1, Stationsweg, Kloosterdijk, Mariënberg, Hardenberg, Overijssel, Nederland, 7692 AC, Nederland"
64,8400487,Ommen,52.5094451904297,6.41583347320557,"Wolfskuil, Besthmen, Ommen, Overijssel, Nederland, 7731 AN, Nederland"
65,8400632,Valkenburg,50.8697204589844,5.83222198486328,"Spoor 2, Parallelweg, Stoepert, Valkenburg, Valkenburg aan de Geul, Limburg, Nederland, 6301 XP, Nederland"
66,8400167,Dalfsen,52.4983329772949,6.25861120223999,"Heinoseweg, Dalfsen, Overijssel, Nederland, 7722 HA, Nederland"
67,8400208,Emmen,52.7900009155273,6.89944458007812,"Stationsplein, Emmen, Drenthe, Nederland, 7811 GW, Nederland"
68,8400407,Emmen Zuid,52.7488663746914,6.87478065490722,"Nieuw-Amsterdamsestraat, Emmen, Drenthe, Nederland, 7814 VA, Nederland"
69,8400293,Hardenberg,52.5727767944336,6.62861108779907,"Parallelweg, Baalderveld, Hardenberg, Overijssel, Nederland, 7772 SB, Nederland"
70,8400434,Meerssen,50.882879392551,5.75099945068359,"1a, Stationsplein, Proostenbuurt, Rothem, Meerssen, Limburg, Nederland, 6231 CN, Nederland"
71,8400454,Nieuw Amsterdam,52.7186126708984,6.84861087799072,"Veilingstraat, Nieuw-Amsterdam, Emmen, Drenthe, Nederland, 7833 HN, Nederland"
72,8400074,Amsterdam Bijlmer ArenA,52.3122215270996,4.94694423675537,"6, Hoogoorddreef, Zuidoost, Amsterdam, Noord-Holland, Nederland, 1101 DT, Nederland"
73,8400086,Baarn,52.2083320617676,5.28083324432373,"Prinses Marielaan, Baarn, Utrecht, Nederland, 3743 JE, Nederland"
74,8400457,Bad Nieuweschans,53.1844,7.19937,"Stationsstraat, Bad Nieuweschans, Oldambt, Groningen, Nederland, 9693 AA, Nederland"
75,8400128,Boxmeer,51.6445217676531,5.93903303146362,"Spoor 1, Wim de Körverstraat, Saxe Gotha, Boxmeer, Land van Cuijk, Noord-Brabant, Nederland, 5831 AM, Nederland"
76,8400129,Boxtel,51.58433,5.31912,"Spoor 6, Parallelweg Noord, Lennisheuvel, Boxtel, Noord-Brabant, Nederland, 5281 GH, Nederland"
77,8400133,Breukelen,52.17149,4.9906,"De Corridor, Breukelen, Stichtse Vecht, Utrecht, Nederland, 3621 ZC, Nederland"
78,8400179,Den Dolder,52.1402778625488,5.24277782440186,"Fornheselaan, Den Dolder, Zeist, Utrecht, Nederland, 3734 BL, Nederland"
79,8400380,Den Haag Laan v NOI,52.0786094665527,4.34277772903442,"Van Alphenstraat, Voorburg, Leidschendam-Voorburg, Zuid-Holland, Nederland, 2274 NH, Nederland"
80,8400177,Doetinchem,51.9585962,6.2962148,"Station AlexSander, 8, Stationsplein, Hamburgerbroek, Doetinchem, Gelderland, Nederland, 7005 AK, Nederland"
81,8400182,Driebergen-Zeist,52.0652770996094,5.25861120223999,"Spoor 1, Stationsplein, Driebergen-Rijsenburg, Utrechtse Heuvelrug, Utrecht, Nederland, 3972 KZ, Nederland"
82,8400194,Duivendrecht,52.3233337402344,4.93638896942139,"1, Stationsweg, Duivendrecht, Ouder-Amstel, Noord-Holland, Nederland, 1115 BZ, Nederland"
83,8400207,Elst,51.9169425964355,5.85500001907349,"Stationsplein, Elst, Overbetuwe, Gelderland, Nederland, 6662 NC, Nederland"
84,8400244,Geldermalsen,51.88301,5.27127,"Spoor 4, Trichtsevoetpad, Lingedonk, Geldermalsen, West Betuwe, Gelderland, Nederland, 4191 LG, Nederland"
85,8400245,Geldrop,51.4197235107422,5.55055570602417,"Tournooiveld, Papenvoort, Zesgehuchten, Hout, Geldrop, Geldrop-Mierlo, Noord-Brabant, Nederland, 5663 GK, Nederland"
86,8400256,Gorinchem,51.8338890075684,4.96833324432373,"Stationsweg, Binnenstad, Gorinchem, Zuid-Holland, Nederland, 4205 AA, Nederland"
87,8400294,Harderwijk,52.3375015258789,5.61972236633301,"Westeinde, Het Nachthok, Stationsomgeving, Harderwijk, Gelderland, Nederland, 3844 KR, Nederland"
88,8400306,Heerhugowaard,52.6697235107422,4.82277774810791,"2, Stationsplein, Stadshart, Heerhugowaard, Dijk en Waard, Noord-Holland, Nederland, 1703 WC, Nederland"
89,8400331,Hoogezand-Sappemeer,53.1598181316756,6.77075386047363,"Stationsweg, Hoogezand, Midden-Groningen, Groningen, Nederland, 9601 BJ, Nederland"
90,8400340,Houten,52.03402,5.16821,"Houten, Onderdoor, Houten, Utrecht, Nederland, 3995 DW, Nederland"
91,8400355,Kerkrade Centrum,50.8616676330566,6.05749988555908,"Museumplein, Kerkrade, Limburg, Nederland, 6461 MA, Nederland"
92,8400382,Lage Zwaluwe,51.6911125183105,4.66305541992188,"Spoor 3, Oude Moerdijkseweg, Zevenbergschen Hoek, Moerdijk, Noord-Brabant, Nederland, 4765 SM, Nederland"
93,8400548,Landgraaf,50.8963890075684,6.01916646957398,"Stationsplein, Schaesberg, Landgraaf, Limburg, Nederland, 6372 GR, Nederland"
94,8400417,Maarn,52.0641670227051,5.36999988555908,"Spoor 2, Tuindorpweg, Maarn, Utrechtse Heuvelrug, Utrecht, Nederland, 3951 DD, Nederland"
95,8400426,Maastricht Randwyck,50.8386116027832,5.71722221374512,"Spoor 1, Rijksweg A2, Randwyck, Maastricht-Zuidoost, Maastricht, Limburg, Nederland, 6229 GW, Nederland"
96,8400435,Meppel,52.6908340454102,6.19750022888184,"2, Stationsweg, Meppel, Drenthe, Nederland, 7941 HG, Nederland"
97,8400452,Naarden-Bussum,52.2802772521973,5.15694427490234,"Bussum, Gooise Meren, Noord-Holland, Nederland, 1405 AL, Nederland"
98,8400508,Purmerend,52.5030555725098,4.95361089706421,"P+R Wilhelminalaan, Wilhelminalaan, Purmerend, Noord-Holland, Nederland, 1441 EH, Nederland"
99,8400517,Rhenen,51.958610534668,5.57833337783814,"Spoor 1, Lijnweg, Rhenen, Utrecht, Nederland, 3911 CA, Nederland"
100,8400566,Sneek,53.0328688,5.6523969,"Doctor Boumaweg, Sneek, Súdwest-Fryslân, Fryslân, Nederland, 8601 GJ, Nederland"
101,8400567,Soest,52.1733322143555,5.30999994277954,"Spoor 2, Chris Uiterwijkpad, De Eng Zuid, Soest, Utrecht, Nederland, 3764 CP, Nederland"
102,8400596,Tiel,51.8894462585449,5.42222213745117,"Spoor 3, Spoorstraat, Stationsbuurt, Tiel, Gelderland, Nederland, 4001 WZ, Nederland"
103,8400615,Uitgeest,52.5216674804687,4.70166683197022,"4b, De Krijgsman, Assum, Uitgeest, Noord-Holland, Nederland, 1911 KN, Nederland"
104,8400620,Utrecht Overvecht,52.1100006103516,5.12472200393677,"Spoor 3, Regentesselaan, Tuindorp, Van Lieflandlaan-West, Tuindorp, Voordorp, Noordoost, Utrecht, Nederland, 3571 CD, Nederland"
105,8400606,Utrecht Vaartsche Rijn,52.078889,5.121667,"42, Westerkade, Rivierenwijk, Dichterswijk, Rivierenwijk, Zuidwest, Utrecht, Nederland, 3511 HC, Nederland"
106,8400636,Veendam,53.10324,6.88475,"Station, Spoorweg, Ommelanderwijk, Veendam, Groningen, Nederland, 9641 CL, Nederland"
107,8400627,Veenendaal Centrum,52.0200004577637,5.54861116409302,"Rembrandtlaan / Station Veenendaal Centrum, Rembrandtlaan, Franse Gat, Zuidwest, Veenendaal, Utrecht, Nederland, 3904 ZD, Nederland"
108,8400646,Venray,51.526568099007,6.01417779922485,"Stationsweg, Oostrum, Venray, Limburg, Nederland, 5807 EN, Nederland"
109,8400685,Weesp,52.3127784729004,5.04305553436279,"Spoor 5, Simon Vestdijkstraat, Weespersluis, Weesp, Amsterdam, Noord-Holland, Nederland, 1382 DA, Nederland"
110,8400691,Wierden,52.3613891601562,6.59166669845581,"Spoorstraat, Wierden, Overijssel, Nederland, 7641 AS, Nederland"
111,8400696,Winschoten,53.1392377,7.035101,"2, Rodeweg, Zuid, Winschoten, Oldambt, Groningen, Nederland, 9673 BL, Nederland"
112,8400698,Winterswijk,51.9677307,6.7155181,"Stationsstraat, Winterswijk, Gelderland, Nederland, 7101 GV, Nederland"
113,8400702,Woerden,52.0849990844727,4.89361095428467,"Jan Ruijspad, Snellerpoort, Woerden, Utrecht, Nederland, 3446 GL, Nederland"
114,8400364,Zaandijk Zaanse Schans,52.469165802002,4.80499982833862,"Kogertunnel, Koog aan de Zaan, Zaanstad, Noord-Holland, Nederland, 1541 LK, Nederland"
115,8400735,Zevenaar,51.9230537414551,6.07194423675537,"Spoor 3, Ringbaan-Zuid, Ooij, Molenwijk, Ooij, Oud-Zevenaar, Zevenaar, Gelderland, Nederland, 6901 BG, Nederland"
116,8400741,Zoetermeer,52.0475006103516,4.47722244262695,"Spoor 4, Zuidweg, Zoetermeer, Zuid-Holland, Nederland, 2719 EG, Nederland"
117,8400742,Zuidbroek,53.1596122800056,6.8679141998291,"Noord-Nederlands Trein & Tram Museum, Stationsstraat, Tusschenloegen, Zuidbroek, Midden-Groningen, Groningen, Nederland, 9636 BA, Nederland"
118,8400320,'s-Hertogenbosch Oost,51.700553894043,5.3183331489563,"Spoor 1, Buitenpepers, 's-Hertogenbosch, Noord-Brabant, Nederland, 5213 JK, Nederland"
119,8400388,'t Harde,52.4091682,5.893611,"3, Spoorstraat, 't Harde, Elburg, Gelderland, Nederland, 8084 HW, Nederland"
120,8400045,Aalten,51.9213265245505,6.57862722873687,"Aalten, Gelderland, Nederland, 7122 VN, Nederland"
121,8400047,Abcoude,52.2785,4.977,"Geinplein, Abcoude, De Ronde Venen, Utrecht, Nederland, 1391 SZ, Nederland"
122,8400049,Akkrum,53.0463905334473,5.84361124038696,"2, Alde Rykswei, Akkrum, Heerenveen, Fryslân, Nederland, 8491 BP, Nederland"
123,8400052,Alkmaar Noord,52.6438903808594,4.76416683197022,"112A, Drechterwaard, Huiswaard 2-Oost, Alkmaar, Noord-Holland, Nederland, 1824 DX, Nederland"
124,8400520,Almelo de Riet,52.3419456481934,6.66666650772095,"226, Rietstraat, Ossenkoppelerhoek, Almelo, Overijssel, Nederland, 7606 BW, Nederland"
125,8400081,Almere Buiten,52.3941650390625,5.2780556678772,"Keerkringplein, Buitenmere, Almere Buiten, Almere, Flevoland, Nederland, 1334 BS, Nederland"
126,8400082,Almere Muziekwijk,52.3675003051758,5.19027757644653,"Spoor 2, Bartokweg, Muziekwijk, Almere Stad, Almere, Flevoland, Nederland, 1323 SX, Nederland"
127,8400226,Almere Oostvaarders,52.4033317565918,5.30055570602417,"Insulindepad, Indischebuurt, Almere Buiten, Almere, Flevoland, Nederland, 1335 JT, Nederland"
128,8400104,Almere Parkwijk,52.3766670227051,5.24472236633301,"Spoorbaanpad, Verzetswijk, Almere, Flevoland, Nederland, 1326 CN, Nederland"
129,8400450,Almere Poort,52.342778,5.151944,"3, Zomerspelenplein, Olympiakwartier, Almere Poort, Almere, Flevoland, Nederland, 1361 CL, Nederland"
130,8400054,Amersfoort Schothorst,52.1748221374512,5.40388870239258,"Geintunnel, Hoefkwartier, De Hoef, Amersfoort, Utrecht, Nederland, 3813 ZX, Nederland"
131,8400228,Amersfoort Vathorst,52.1927795410156,5.43388891220093,"Soldaat der 1e klasse Christian van der Linden, Laakboulevard, Vathorst-Centrum, Amersfoort, Utrecht, Nederland, 3829 DR, Nederland"
132,8400231,Amsterdam Holendrecht,52.29844,4.95972,"Meibergdreef, Zuidoost, Amsterdam, Noord-Holland, Nederland, 1106 TC, Nederland"
133,8400079,Amsterdam Lelylaan,52.3577766418457,4.83388900756836,"Amsterdam Lelylaan, Cornelis Lelylaan, Overtoomse Veld, Nieuw-West, Amsterdam, Noord-Holland, Nederland, 1062 HX, Nederland"
134,8400060,Amsterdam Muiderpoort,52.3605537414551,4.93111133575439,"Oosterspoorplein, Dapperbuurt, Oost, Amsterdam, Noord-Holland, Nederland, 1093 JW, Nederland"
135,8400056,Amsterdam RAI,52.3372230529785,4.89027786254883,"Ringweg-Zuid, Ravel, Zuidas, Zuid, Amsterdam, Noord-Holland, Nederland, 1078 RV, Nederland"
136,8400235,Amsterdam Science Park,52.35274,4.94855,"Kruislaan, Watergraafsmeer, Oost, Amsterdam, Noord-Holland, Nederland, 1098 SJ, Nederland"
137,8400065,Anna Paulowna,52.8672218322754,4.81111097335815,"Kruiswijk, Spoorbuurt, Anna Paulowna, Hollands Kroon, Noord-Holland, Nederland, 1761 AR, Nederland"
138,8400233,Apeldoorn De Maten,52.2052764892578,6.00055551528931,"Laan van Zonnehoeve, Groot Zonnehoeve, Matendonk, Apeldoorn, Gelderland, Nederland, 7326 BN, Nederland"
139,8400229,Apeldoorn Osseveld,52.2152786254883,6.00444459915161,"Linie, Woudhuis, Oost, Apeldoorn, Gelderland, Nederland, 7325 DZ, Nederland"
140,8400067,Appingedam,53.3258135,6.8619577,"N360, Solwerd, Appingedam, Eemsdelta, Groningen, Nederland, 9901 DD, Nederland"
141,8400068,Arkel,51.8719444274902,4.99277782440186,"Spoor 1, Parallelweg, Arkel, Molenlanden, Zuid-Holland, Nederland, 4241 XH, Nederland"
142,8400069,Arnemuiden,51.5016670227051,3.66916656494141,"Doeleweg, Arnemuiden, Middelburg, Zeeland, Nederland, 4341 AT, Nederland"
143,8400075,Arnhem Presikhaaf,51.9880561828613,5.94388866424561,"Eleonorastraat, Plattenburg, Velperweg en omgeving, Arnhem, Gelderland, Nederland, 6824 EX, Nederland"
144,8400072,Arnhem Velperpoort,51.985279083252,5.91944456100464,"Sonsbeeksingel, Hommelstraat, Spijkerkwartier, Arnhem, Gelderland, Nederland, 6822 BP, Nederland"
145,8400227,Arnhem Zuid,51.9550018310547,5.85194444656372,"Spoor 2, Metamorfosenallee, Schuytgraaf-Centrum, Schuytgraaf, Arnhem, Gelderland, Nederland, 6843 HX, Nederland"
146,8400089,Baflo,53.3608969,6.5185581,"Pizzeria Da Giampaolo (afhaalpizzeria), Stationsweg, Dingen, Baflo, Het Hogeland, Groningen, Nederland, 9953 RG, Nederland"
147,8400090,Barendrecht,51.8547210693359,4.5533332824707,"Spoor 2, Dwarsligger, Dierenstein, Barendrecht, Zuid-Holland, Nederland, 2991 LC, Nederland"
148,8400091,Barneveld Centrum,52.1399993896484,5.59027767181396,"Spoor 2, Burgemeester Kuntzelaan, Barneveld, Gelderland, Nederland, 3771 AX, Nederland"
149,8400092,Barneveld Noord,52.1613883972168,5.59805536270142,"Spoor 1, Heideparkweg, Barneveld, Gelderland, Nederland, 3771 PR, Nederland"
150,8400115,Barneveld Zuid,52.128853,5.60246,"Oud Vellerseweg, Veller, Barneveld, Gelderland, Nederland, 3772 WT, Nederland"
151,8400094,Bedum,53.3068857,6.593054,"Parallelweg, Bedum, Het Hogeland, Groningen, Nederland, 9781 CX, Nederland"
152,8400096,Beek-Elsloo,50.9474983215332,5.78666687011719,"Spoor 2, Aan de Drie Heren, Neerbeek, Beek, Limburg, Nederland, 6191 BH, Nederland"
153,8400097,Beesd,51.8994445800781,5.19444465637207,"Spoor 2, Stationsweg, Beesd, West Betuwe, Gelderland, Nederland, 4153 RD, Nederland"
154,8400100,Beilen,52.8547210693359,6.52111101150513,"Stationslaan, Lieving, Beilen, Midden-Drenthe, Drenthe, Nederland, 9411 PS, Nederland"
155,8400108,Bergen op Zoom,51.4938888549805,4.29611110687256,"Spoor 2, Parallelweg, Bergen op Zoom, Noord-Brabant, Nederland, 4621 JV, Nederland"
156,8400112,Best,51.5099983215332,5.38916683197022,"Spoor 2, Spoorstraat, Centrum, Best, Noord-Brabant, Nederland, 5683 BD, Nederland"
157,8400113,Beverwijk,52.4783325195313,4.65666675567627,"5, Rijksweg A22, Centrum, Beverwijk, Noord-Holland, Nederland, 1941 JA, Nederland"
158,8400114,Bilthoven,52.1300010681152,5.20388889312744,"Soestdijkseweg Noord, Bilthoven, De Bilt, Utrecht, Nederland, 3723 BS, Nederland"
159,8400117,Blerick,51.372501373291,6.15500020980835,"Spoor 2, Bataljonstraat, Kazerneterrein, Trade-Port, Venlo, Limburg, Nederland, 5928 MA, Nederland"
160,8400118,Bloemendaal,52.404167175293,4.62750005722046,"Spoor 1, Zuider Stationsweg, Veen en Duin, Bloemendaal, Noord-Holland, Nederland, 2024 AN, Nederland"
161,8400121,Bodegraven,52.0813903808594,4.7461109161377,"Ambachtshof, Bodegraven, Bodegraven-Reeuwijk, Zuid-Holland, Nederland, 2411 GG, Nederland"
162,8400124,Borne,52.2988891601562,6.74805545806885,"Parallelweg, Borne, Overijssel, Nederland, 7622 NB, Nederland"
163,8400125,Boskoop,52.0777778625488,4.64694452285767,"Medisch Centrum Parklaan, 8, Parklaan, Boskoop, Alphen aan den Rijn, Zuid-Holland, Nederland, 2771 GB, Nederland"
164,8400126,Boskoop Snijdelwijk,52.067658,4.646186,"Spoor 1, Zwarte Pad, Boskoop, Alphen aan den Rijn, Zuid-Holland, Nederland, 2771 TX, Nederland"
165,8400236,Boven-Hardinxveld,51.832222,4.878056,"Station Boven Hardinxveld, Parallelweg, Boven-Hardinxveld, Hardinxveld-Giessendam, Zuid-Holland, Nederland, 3371 GH, Nederland"
166,8400230,Bovenkarspel Flora,52.6961097717285,5.25277757644653,"Broekerhavenweg, Broekerhaven, Bovenkarspel, Stede Broec, Noord-Holland, Nederland, 1611 CH, Nederland"
167,8400127,Bovenkarspel-Grootebroek,52.6949996948242,5.23777770996094,"2, Middenweg, Broekerhaven, Bovenkarspel, Stede Broec, Noord-Holland, Nederland, 1611 KS, Nederland"
168,8400132,Breda-Prinsenbeek,51.606388092041,4.72083330154419,"Spoor 2, Moskespad, Kesteren-Muizenberg, Kesteren, Breda, Noord-Brabant, Nederland, 4823 AA, Nederland"
169,8400136,Brummen,52.0911102294922,6.14694452285767,"2, Stationsweg, Brummen, Gelderland, Nederland, 6971 BX, Nederland"
170,8400140,Bunde,50.8969459533691,5.73666667938232,"Spoor 1, Oranjeplein, Bunde, Meerssen, Limburg, Nederland, 6241 EN, Nederland"
171,8400141,Bunnik,52.0630569458008,5.19444465637207,"Stationstunnel, Bunnik, Utrecht, Nederland, 3981 CP, Nederland"
172,8400145,Bussum Zuid,52.2658348083496,5.16305541992188,"Bussummergrindweg, Bussum, Gooise Meren, Noord-Holland, Nederland, 1402 KE, Nederland"
173,8400147,Capelle Schollevaar,51.9541664123535,4.58416652679443,"1B, Stationsplein, Schollevaar, Capelle aan den IJssel, Zuid-Holland, Nederland, 2907 MJ, Nederland"
174,8400152,Chevremont,50.8761100769043,6.05972242355347,"Spoor 1, Schoutstraat, Erenstein, Kerkrade, Limburg, Nederland, 6463 DN, Nederland"
175,8400155,Cuijk,51.7266825879048,5.87429523468017,"P+R Cuijk, Stationsplein, Cuijk, Land van Cuijk, Noord-Brabant, Nederland, 5431 CE, Nederland"
176,8400154,Culemborg,51.9466667175293,5.22694444656372,"Spoor 1, Anna Blamanweg, Achter 't Zand, Culemborg, Gelderland, Nederland, 4103 WH, Nederland"
177,8400164,Daarlerveen,52.4407702,6.5759947,"Grote Veenweg, Daarlerveen, Hellendoorn, Overijssel, Nederland, 7687 AV, Nederland"
178,8400161,Dalen,52.6941680908203,6.75805568695068,"Kymmelskampen, De Bente, Dalen, Coevorden, Drenthe, Nederland, 7751 GN, Nederland"
179,8400188,De Vink,52.1472206115723,4.4563889503479,"Spoor 3, Alexandrine Tinneplein, Dobbewijk, Leiden, Zuid-Holland, Nederland, 2331 MK, Nederland"
180,8400745,De Westereen,53.24817,6.03463,"Bûterwei, De Westereen, Dantumadiel, Fryslân, Nederland, 9271 EN, Nederland"
181,8400168,Deinum,53.1888115,5.7281572,"Spoorstrjitte, Ritsumasyl, Deinum, Waadhoeke, Fryslân, Nederland, 9033 XT, Nederland"
182,8400169,Delden,52.2599983215332,6.7161111831665,"2, Stationsweg, Delden, Hof van Twente, Overijssel, Nederland, 7491 CE, Nederland"
183,8400166,Delft Campus,51.9908332824707,4.36472225189209,"Kruithuispad, Voorhof, Delft, Zuid-Holland, Nederland, 2624 VD, Nederland"
184,8400171,Delfzijl,53.3336625,6.9240797,"Delfzijl, Eemsdelta, Groningen, Nederland, 9934 EA, Nederland"
185,8400175,Delfzijl West,53.3320834,6.9069092,"Hogelandsterweg, Biessum, Delfzijl, Eemsdelta, Groningen, Nederland, 9931 AK, Nederland"
186,8400278,Den Haag Mariahoeve,52.0905570983887,4.36944437026978,"AEGONplein, Mariahoeve, Haagse Hout, Den Haag, Zuid-Holland, Nederland, 2591 VA, Nederland"
187,8400279,Den Haag Moerwijk,52.0538902282715,4.3086109161377,"Hildebrandstraat, Spoorwijk, Laak, Den Haag, Zuid-Holland, Nederland, 2524 VM, Nederland"
188,8400379,Den Haag Ypenburg,52.0552787780762,4.39222240447998,"Spoor 2, Ypenburgse Stationsweg, De Caaien, Haagoord, Leidschenveen-Ypenburg, Den Haag, Zuid-Holland, Nederland, 2496 ZG, Nederland"
189,8400303,Den Helder Zuid,52.9324989318848,4.76416683197022,"2, Rehorstpark, Boerderijbuurt, Den Helder, Noord-Holland, Nederland, 1785 KL, Nederland"
190,8400172,Deurne,51.4558334350586,5.78888893127441,"Spoor 3, Fabriekstraat, Sint-Jozefparochie, Deurne, Noord-Brabant, Nederland, 5753 CC, Nederland"
191,8400185,Deventer Colmschate,52.2502784729004,6.21444463729858,"Sprinkhaan, Het Oostrik, Colmschate, Deventer, Overijssel, Nederland, 7423 BV, Nederland"
192,8400174,Didam,51.933502,6.1324106,"Stationslaan, De Fluun, De Kom, Oud-Dijk, Nieuw-Dijk, Didam, Montferland, Gelderland, Nederland, 6942 EG, Nederland"
193,8400165,Diemen,52.34515,4.967566,"Ouddiemerlaan, Diemen-Centrum, Diemen, Noord-Holland, Nederland, 1111 NG, Nederland"
194,8400163,Diemen Zuid,52.3302764892578,4.95583343505859,"1, Diemerdreef, Diemen-Zuid, Diemen, Noord-Holland, Nederland, 1112 RB, Nederland"
195,8400184,Doetinchem De Huet,51.9591413,6.2598521,"2, Jan Willinkstraat, De Huet-III, De Huet, Doetinchem, Gelderland, Nederland, 7006 NA, Nederland"
196,8400186,Dordrecht Stadspolders,51.801944732666,4.71666669845581,"Dudokplein, Stadspolders, Dordrecht, Zuid-Holland, Nederland, 3315 KG, Nederland"
197,8400181,Dordrecht Zuid,51.7900009155273,4.67138910293579,"Spoor 1, Jan Schaeferhof, Woonwagenkamp, Dordrecht, Zuid-Holland, Nederland, 3317 RX, Nederland"
198,8400183,Driehuis,52.4425010681152,4.63805532455444,"Sportpark Driehuis, Wolff en Dekenlaan, Driehuis NH, Velsen, Noord-Holland, Nederland, 1985 HP, Nederland"
199,8400192,Dronryp,53.1778086,5.6347411,"Hatzum, Dronryp, Waadhoeke, Fryslân, Nederland, 9035 VK, Nederland"
200,8400198,Dronten,52.5344,5.72089,"Spoor 4, Koning Willem-Alexanderplein, Houtwijk, Dronten, Flevoland, Nederland, 8254 BC, Nederland"
201,8400193,Duiven,51.9433326721191,6.01472234725952,"Duiven, Gelderland, Nederland, 6922 HH, Nederland"
202,8400195,Echt,51.1005554199219,5.87888908386231,"Spoor 2, Stationsweg, Schilberg, Gebroek, Pey, Echt, Echt-Susteren, Limburg, Nederland, 6101 HN, Nederland"
203,8400201,Ede Centrum,52.0436096191406,5.66833353042603,"Spoor 1, Ketelstraat, Ede, Gelderland, Nederland, 6713 AN, Nederland"
204,8400202,Eemshaven,53.458419,6.832,"4, Borkumkade, Eemshaven, Het Hogeland, Groningen, Nederland, 9979 XX, Nederland"
205,8400219,Eijsden,50.7719459533691,5.71000003814697,"Spoor 2, Stationsplein, Hoog-Caestert, Mariadorp, Eijsden, Eijsden-Margraten, Limburg, Nederland, 6245 AE, Nederland"
206,8400196,Eindhoven Strijp-S,51.4511108398438,5.45583343505859,"Spoor 4, Achtseweg Zuid, Zwaanstraat, Strijp S, Strijp, Eindhoven, Noord-Brabant, Nederland, 5621 BB, Nederland"
207,8400210,Enkhuizen,52.6991653442383,5.28638887405396,"Bosmankade, Enkhuizen, Noord-Holland, Nederland, 1601 EK, Nederland"
208,8400217,Enschede De Eschmarke,52.2213897705078,6.95111131668091,"24A, Lenteweg, Euregio Bedrijvenpark, Glanerbrug, Enschede, Overijssel, Nederland, 7532 SH, Nederland"
209,8400221,Enschede Kennispark,52.2374992370605,6.83888912200928,"1, Colosseum, Enschede, Overijssel, Nederland, 7521 PP, Nederland"
210,8400216,Ermelo,52.3016662597656,5.61472225189209,"Dokter van Dalelaan, Ermelo, Gelderland, Nederland, 3851 JA, Nederland"
211,8400338,Eygelshoven,50.8905563354492,6.04500007629395,"Spoor 2, Putterstraat, Hopel, Kerkrade, Limburg, Nederland, 6469 XT, Nederland"
212,8400234,Eygelshoven Markt,50.8960498196442,6.0602474212646396,"Hermanstraat, Broekveld, Eygelshoven, Kerkrade, Limburg, Nederland, 6471 GA, Nederland"
213,8400638,Feanwâlden,53.2351834,5.9886615,"2, Stasjonswei, Feanwâlden, Dantumadiel, Fryslân, Nederland, 9269 PG, Nederland"
214,8400232,Franeker,53.1824488,5.5483094,"Anna Maria van Schurmansingel, Stationsbuurt, Franeker, Waadhoeke, Fryslân, Nederland, 8801 JM, Nederland"
215,8400241,Gaanderen,51.93074,6.3486,"Struikenbuurt, Oud-Gaanderen, Gaanderen, Doetinchem, Gelderland, Nederland, 7011 MJ, Nederland"
216,8400246,Geleen Oost,50.9669456481934,5.84305572509766,"Geleen Oost, Stationstraat, Oud-Geleen, Daniken, Geleen, Sittard-Geleen, Limburg, Nederland, 6166 CA, Nederland"
217,8400248,Geleen-Lutterade,50.9755554199219,5.82472229003906,"Westelijke Randweg, Lutterade, Geleen, Sittard-Geleen, Limburg, Nederland, 6162 XD, Nederland"
218,8400251,Gilze-Rijen,51.583610534668,4.92611122131348,"12, Parallelweg, De Haansberg, Rijen, Gilze en Rijen, Noord-Brabant, Nederland, 5121 LD, Nederland"
219,8400262,Glanerbrug,52.2186126708984,6.97444438934326,"Glanerbrug, Vijverstraat, Glanerbrug, Enschede, Overijssel, Nederland, 7532 AL, Nederland"
220,8400253,Goes,51.4980545043945,3.89055562019348,"Spoor 2, Stationspark, Goes-Zuid, Goes, Zeeland, Nederland, 4461 LN, Nederland"
221,8400254,Goor,52.2302780151367,6.58444452285767,"Stationslaan, Kevelhammerhoek, Goor, Hof van Twente, Overijssel, Nederland, 7471 AP, Nederland"
222,8400257,Gouda Goverwelle,52.0149993896484,4.7408332824707,"Willensplein, Goverwelle, Gouda, Zuid-Holland, Nederland, 2807 PH, Nederland"
223,8400259,Gramsbergen,52.6091651916504,6.67583322525024,"De Oostermaat, Gramsbergen, Hardenberg, Overijssel, Nederland, 7783 BX, Nederland"
224,8400267,Grijpskerk,53.2557403255735,6.30977869033813,"Stationsstraat, Gaarkeuken, Grijpskerk, Westerkwartier, Groningen, Nederland, 9843 TB, Nederland"
225,8400238,Groningen Europapark,53.20480027,6.5854178,"Lodewijkpad, Coendersborg, Zuid, Groningen, Nederland, 9723 ZR, Nederland"
226,8400264,Groningen Noord,53.2301469,6.5563172,"Selwerd, West, Groningen, Nederland, 9741 CT, Nederland"
227,8400266,Grou-Jirnsum,53.0888900756836,5.82250022888184,"2, A32, Suorein, Grou, Leeuwarden, Fryslân, Nederland, 9001 LA, Nederland"
228,8400270,Haarlem Spaarnwoude,52.3827781677246,4.67305564880371,"Amsterdamsevaart, Oostpoort, Haarlem, Noord-Holland, Nederland, 2033 HZ, Nederland"
229,8400400,Halfweg-Zwanenburg,52.385935,4.747165,"Spoor 2, Zijkanaal F West, Halfweg, Haarlemmermeer, Noord-Holland, Nederland, 1165 MZ, Nederland"
230,8400438,Hardinxveld Blauwe Zoom,51.82944,4.815663,"Schapedrift, Blauwe Zoom, Hardinxveld-Giessendam, Zuid-Holland, Nederland, 3371 JD, Nederland"
231,8400295,Hardinxveld-Giessendam,51.8305549621582,4.83583354949951,"Spoorweg, Wielwijk, Hardinxveld-Giessendam, Zuid-Holland, Nederland, 3373 AH, Nederland"
232,8400297,Haren,53.1761093139648,6.61722230911255,"Station Haren, Nieuwe Stationsweg, Haren, Groningen, Nederland, 9751 TK, Nederland"
233,8400296,Harlingen,53.1704205,5.4251932,"2, Koningin Julianastraat, Plan Zuid, Harlingen, Fryslân, Nederland, 8862 TA, Nederland"
234,8400298,Harlingen Haven,53.174917,5.4112885,"Keermuur, Havenkwartier, Harlingen, Fryslân, Nederland, 8862 RZ, Nederland"
235,8400317,Heemskerk,52.4952774047852,4.68694448471069,"Euratomplein, De Ladder, Zuidbroek, Heemskerk, Noord-Holland, Nederland, 1966 SX, Nederland"
236,8400404,Heerlen Woonboulevard,50.896667,5.952222,"Leen Bakker, 66, In de Cramer, Woonboulevard, Zeswegen-Nieuw Husken, Vrank, Heerlen, Limburg, Nederland, 6412 PM, Nederland"
237,8400308,Heeze,51.3849983215332,5.56944465637207,"De Leuren, Weibossen, Kreijl, Heeze, Heeze-Leende, Noord-Brabant, Nederland, 5591 ND, Nederland"
238,8400309,Heiloo,52.5994453430176,4.70055532455444,"Stationsplein, Heiloo, Noord-Holland, Nederland, 1851 LN, Nederland"
239,8400310,Heino,52.4272232055664,6.22111129760742,"34, Stationsweg, Heino, Raalte, Overijssel, Nederland, 8141 SL, Nederland"
240,8400300,Helmond 't Hout,51.46794,5.63085,"Spoor 1, Doctorandus den Uyllaan, Kroon, Mierlo-Hout, Helmond, Noord-Brabant, Nederland, 5707 KJ, Nederland"
241,8400242,Helmond Brandevoort,51.4622230529785,5.60722208023071,"Diepenbroekpad, De Marke, Brandevoort, Diepenbroek, Helmond, Noord-Brabant, Nederland, 5708 XC, Nederland"
242,8400299,Helmond Brouwhuis,51.47068,5.70177,"Spoor 1, Brouwhuis, Helmond, Noord-Brabant, Nederland, 5704 EH, Nederland"
243,8400315,Hemmen-Dodewaard,51.9222129,5.6737254,"Stationspad, Dodewaard, Neder-Betuwe, Gelderland, Nederland, 6669 MN, Nederland"
244,8400433,Hengelo Gezondheidspark,52.261667,6.767778,"Hengelo, Overijssel, Nederland, 7555 PG, Nederland"
245,8400312,Hengelo Oost,52.2688903808594,6.81944465637207,"Zwavertsweg, Groot Driene, Hengelo, Overijssel, Nederland, 7557 EH, Nederland"
246,8400329,Hillegom,52.3025016784668,4.56555557250977,"Spoor 1, 2e Loosterweg, Hillegom, Zuid-Holland, Nederland, 2182 CL, Nederland"
247,8400324,Hilversum Media Park,52.2380561828613,5.17388868331909,"Via de Kijkbuis, Media Park, Hilversum, Noord-Holland, Nederland, 1217 WL, Nederland"
248,8400570,Hilversum Sportpark,52.2161102294922,5.18722200393677,"Athene, Arenapark, Hilversum, Noord-Holland, Nederland, 1213 NW, Nederland"
249,8400323,Hindeloopen,52.9464903,5.423063,"Stationsweg, Hindeloopen, Súdwest-Fryslân, Fryslân, Nederland, 8713 LP, Nederland"
250,8400326,Hoensbroek,50.9055557250977,5.93055534362793,"Economiestraat, Wijngaardsweg, De Koumen, Hoensbroek, Heerlen, Limburg, Nederland, 6433 KC, Nederland"
251,8400490,Hoevelaken,52.16652,5.45718,"Spoor 1, Rijksweg A1, Buitengebied Oost, Terschuur, Amersfoort, Utrecht, Nederland, 3784 WN, Nederland"
252,8400327,Hollandsche Rading,52.1777763366699,5.17916679382324,"Vuursche Dreef, Hollandsche Rading, De Bilt, Utrecht, Nederland, 3739 KT, Nederland"
253,8400328,Holten,52.2838897705078,6.42027759552002,"Dorpsstraat, Holten, Rijssen-Holten, Overijssel, Nederland, 7451 BV, Nederland"
254,8400332,Hoofddorp,52.2933349609375,4.70055532455444,"Van Heuven Goedhartlaan, Beukenhorst-Oost, Hoofddorp, Haarlemmermeer, Noord-Holland, Nederland, 2132 GX, Nederland"
255,8400330,Hoogeveen,52.7338905334473,6.47361087799072,"Stationsplein, Centrum West, Hoogeveen, Drenthe, Nederland, 7901 AA, Nederland"
256,8400334,Hoogkarspel,52.6905555725098,5.18388891220093,"2, Oosterwijzend, Hoogkarspel, Drechterland, Noord-Holland, Nederland, 1616 CM, Nederland"
257,8400336,Hoorn Kersenboogerd,52.6536102294922,5.08555555343628,"Borstwering, Kersenboogerd, Hoorn, Noord-Holland, Nederland, 1628 KR, Nederland"
258,8400339,Horst-Sevenum,51.4263877868652,6.04222202301025,"Spoor 2, Spoorstraat, Bedrijventerrein Berghem, Ulfterhoek, Sevenum, Horst aan de Maas, Limburg, Nederland, 5975 RK, Nederland"
259,8400335,Houten Castellum,52.01701,5.17949,"Leebrug, Houten, Utrecht, Nederland, 3995 ZJ, Nederland"
260,8400341,Houthem-St. Gerlach,50.8733329772949,5.79722213745117,"Spoor 1, Stationsweg, Sint Gerlach, Houthem, Valkenburg, Valkenburg aan de Geul, Limburg, Nederland, 6301 JE, Nederland"
261,8400292,Hurdegaryp,53.2187783,5.934543,"Hurdegaryp, Tytsjerksteradiel, Fryslân, Nederland, 9254 DA, Nederland"
262,8400722,IJlst,53.0146614,5.6160801,"IJlst, Súdwest-Fryslân, Fryslân, Nederland, 8651 AT, Nederland"
263,8400353,Kampen,52.5597229003906,5.92166662216186,"Kampen, Zwolseweg, Zandberg, Kampen, Overijssel, Nederland, 8271 AK, Nederland"
264,8400360,Kampen Zuid,52.5331,5.91309,"Spoor 1, N50, Stationskwartier, Zwartendijk, Kampen, Overijssel, Nederland, 8265 TX, Nederland"
265,8400354,Kapelle-Biezelinge,51.4808349609375,3.95611119270325,"Spoor 1, Stationsstraat, Dikkertje Dap, Biezelinge, Kapelle, Zeeland, Nederland, 4421 GX, Nederland"
266,8400359,Kesteren,51.9313869,5.5833465,"Spoor 4, Stationsstraat, Casterhoven, Kesteren, Neder-Betuwe, Gelderland, Nederland, 4041 CL, Nederland"
267,8400361,Klarenbeek,52.1780548095703,6.08361101150513,"Hoofdweg, Klarenbeek, Voorst, Gelderland, Nederland, 7382 BH, Nederland"
268,8400362,Klimmen-Ransdaal,50.8663902282715,5.8905553817749,"Mareheiweg, Koulen, Termaar, Klimmen, Voerendaal, Limburg, Nederland, 6343 EL, Nederland"
269,8400363,Koog aan de Zaan,52.458610534668,4.80555534362793,"Provincialeweg, Westerkoog, Koog aan de Zaan, Zaanstad, Noord-Holland, Nederland, 1541 BD, Nederland"
270,8400366,Koudum-Molkwerum,52.9028197,5.4106913,"Stationswei, Molkwerum, Súdwest-Fryslân, Fryslân, Nederland, 8722 HA, Nederland"
271,8400367,Krabbendijke,51.4333343505859,4.11694431304932,"Spoorlaan, Oostpolder, Roelshoek, Krabbendijke, Reimerswaal, Zeeland, Nederland, 4413 AS, Nederland"
272,8400368,Krommenie-Assendelft,52.49511,4.75417,"2, Jan Brassertunnel, Krommenie, Zaanstad, Noord-Holland, Nederland, 1567 LZ, Nederland"
273,8400369,Kropswolde,53.1617362,6.7220882,"Kropswolde, Woldweg, Kropswolde, Midden-Groningen, Groningen, Nederland, 9601 LV, Nederland"
274,8400370,Kruiningen-Yerseke,51.4650001525879,4.03722238540649,"Stationsweg, Kruiningen, Reimerswaal, Zeeland, Nederland, 4416 PN, Nederland"
275,8400135,Lansingerland-Zoetermeer,52.042222,4.517222,"Bleiswijksepad, Zoetermeer, Zuid-Holland, Nederland, 2712 PN, Nederland"
276,8400386,Leerdam,51.8947219848633,5.09138870239258,"Stationsweg, Leerdam-Centrum, Leerdam, Vijfheerenlanden, Utrecht, Nederland, 4141 DA, Nederland"
277,8400389,Leeuwarden Camminghaburen,53.2021808,5.8422968,"Camminghaburen, Leeuwarden, Fryslân, Nederland, 8925 LK, Nederland"
278,8400384,Leiden Lammenschans,52.1469459533691,4.49249982833862,"Leiden Lammenschans, Kamerlingh Onnesplein, Professorenwijk, Roodenburg, Leiden, Zuid-Holland, Nederland, 2313 VL, Nederland"
279,8400395,Lichtenvoorde-Groenlo,52.01188,6.59641,"Stationsstraat, Lievelde, Oost Gelre, Gelderland, Nederland, 7137 ST, Nederland"
280,8400399,Lochem,52.1666679382324,6.42638874053955,"1, Stationsplein, Ampsen, Lochem, Gelderland, Nederland, 7241 CV, Nederland"
281,8400403,Loppersum,53.3347145,6.7472625,"Ontwerpstation Loppersum, Parallelweg, Loppersum, Eemsdelta, Groningen, Nederland, 9919 AH, Nederland"
282,8400405,Lunteren,52.085277557373,5.62444448471069,"Dingerlaan, Lunteren, Ede, Gelderland, Nederland, 6741 DD, Nederland"
283,8400432,Maarheeze,51.304986,5.629796,"Spoor 1, Driebos, Maarheeze, Cranendonck, Noord-Brabant, Nederland, 6026 PV, Nederland"
284,8400419,Maarssen,52.1352767944336,5.03361129760742,"30, Safariweg, Maarssenbroek, Maarssen, Stichtse Vecht, Utrecht, Nederland, 3605 MA, Nederland"
285,8400449,Maastricht Noord,50.87087,5.71774,"Kanjelpad, Nazareth, Maastricht-Oost, Maastricht, Limburg, Nederland, 6222 ND, Nederland"
286,8400427,Mantgum,53.1296368,5.7131996,"2, Seerp van Galemawei, Tsjeintgum, Mantgum, Leeuwarden, Fryslân, Nederland, 9022 AG, Nederland"
287,8400430,Martenshoek,53.1607232,6.7402989,"2, Spoorstraat Zuid, Martenshoek, Hoogezand, Midden-Groningen, Groningen, Nederland, 9601 KN, Nederland"
288,8400436,Middelburg,51.4947204589844,3.61722230911255,"Kanaalweg, Dauwendaele, Middelburg, Zeeland, Nederland, 4337 PA, Nederland"
289,8400446,Mook-Molenhoek,51.766262,5.879133,"Bovensteweg, Mook, Mook en Middelaar, Limburg, Nederland, 6584 GB, Nederland"
290,8400460,Nieuw Vennep,52.2588882446289,4.64555549621582,"Venneperweg, 't Kabel, Nieuw-Vennep, Haarlemmermeer, Noord-Holland, Nederland, 2153 CA, Nederland"
291,8400455,Nieuwerkerk a/d IJssel,51.9652786254883,4.61694431304932,"Oranjepad, 's-Gravenweg, Nieuwerkerk aan den IJssel, Zuidplas, Zuid-Holland, Nederland, 2911 AP, Nederland"
292,8400469,Nijkerk,52.2222213745117,5.49388885498047,"Hassemanpad, Nijkerk, Gelderland, Nederland, 3862 WT, Nederland"
293,8400475,Nijmegen Dukenburg,51.8241653442383,5.79555559158325,"Zwanenveld, Dukenburg, Nijmegen, Gelderland, Nederland, 6538 TA, Nederland"
294,8400477,Nijmegen Goffert,51.8273,5.822722,"Spoor 2, Neerbosscheweg, Goffert, Nijmegen-Midden, Nijmegen, Gelderland, Nederland, 6534 AV, Nederland"
295,8400468,Nijmegen Heyendaal,51.8269462585449,5.86749982833862,"Heijendaal, Nijmegen-Midden, Nijmegen, Gelderland, Nederland, 6525 EG, Nederland"
296,8400451,Nijmegen Lent,51.863154,5.859625,"Spoor 1, Hertog Eduardplein, Hoge Bongerd, Lent, Nijmegen-Noord, Lent, Nijmegen, Gelderland, Nederland, 6663 AN, Nederland"
297,8400472,Nijverdal,52.366111,6.462,"Grotestraat, Gagelman-industrieterrein-Noord, Nijverdal Noord, Nijverdal, Hellendoorn, Overijssel, Nederland, 7443 BP, Nederland"
298,8400466,Nunspeet,52.3708343505859,5.78527784347534,"1, F.A. Molijnlaan, Nunspeet, Gelderland, Nederland, 8071 CH, Nederland"
299,8400467,Nuth,50.9194450378418,5.89277791976929,"P+R Nuth, Stationsplein, Reuken, Vaesrade, Nuth, Beekdaelen, Limburg, Nederland, 6361 BG, Nederland"
300,8400480,Obdam,52.6780548095703,4.90722227096558,"2, Stationsweg, Obdam, Koggenland, Noord-Holland, Nederland, 1713 HE, Nederland"
301,8400482,Oisterwijk,51.5822219848633,5.19416666030884,"Spoor 2, Tuinweg, Centrum, Oisterwijk, Noord-Brabant, Nederland, 5061 HM, Nederland"
302,8400483,Oldenzaal,52.3063888549805,6.93472242355347,"Groene Loper, Oldenzaal, Overijssel, Nederland, 7573 AV, Nederland"
303,8400489,Oosterbeek,51.9949989318848,5.84000015258789,"Spoor 1, Johannahoeveweg, Dreyeroord, Oosterbeek Noordoost, Oosterbeek, Renkum, Gelderland, Nederland, 6861 BT, Nederland"
304,8400494,Opheusden,51.9261615,5.6371145,"Dalwagenseweg, Opheusden, Neder-Betuwe, Gelderland, Nederland, 4043 MZ, Nederland"
305,8400496,Oss West,51.758056640625,5.50555562973022,"Spoor 1, Geffensestraat, Staatsliedenbuurt, Oss, Noord-Brabant, Nederland, 5344 HB, Nederland"
306,8400498,Oudenbosch,51.587776184082,4.53333330154419,"Spoor 2, Parklaan, Oudenbosch, Halderberge, Noord-Brabant, Nederland, 4731 GJ, Nederland"
307,8400501,Overveen,52.3911094665527,4.6061110496521,"Spoor 2, Tetterodeweg, Duinwijk, Overveen, Bloemendaal, Noord-Holland, Nederland, 2051 EV, Nederland"
308,8400506,Purmerend Overwhere,52.5113906860352,4.96833324432373,"Boeierstraat, Purmerend, Noord-Holland, Nederland, 1443 EN, Nederland"
309,8400499,Purmerend Weidevenne,52.4965906325416,4.93562936782836,"Purmerland, Weidevenne, Purmerend, Noord-Holland, Nederland, 1448 NL, Nederland"
310,8400509,Putten,52.2649993896484,5.57527780532837,"Stationsstraat, Putten, Gelderland, Nederland, 3882 NB, Nederland"
311,8400513,Raalte,52.3916664123535,6.27750015258789,"Ceintuurbaan, Raalte, Overijssel, Nederland, 8102 AA, Nederland"
312,8400515,Ravenstein,51.7941665649414,5.63583326339722,"Spoor 2, Schaafdries, Ravenstein, Oss, Noord-Brabant, Nederland, 5371 DZ, Nederland"
313,8400518,Reuver,51.2832191665301,6.07895851135253,"1, Stationsplein, Reuver, Beesel, Limburg, Nederland, 5953 DV, Nederland"
314,8400519,Rheden,52.0101,6.0314,"Doctor Langemeijerweg, Haveland, Rheden, Gelderland, Nederland, 6991 JJ, Nederland"
315,8400538,Rijssen,52.3122215270996,6.52027797698975,"3, Stationsdwarsweg, Rijssen, Rijssen-Holten, Overijssel, Nederland, 7461 MC, Nederland"
316,8400505,Rijswijk,52.039722442627,4.31916666030884,"Piramideplein, Artiestenbuurt, Rijswijk, Zuid-Holland, Nederland, 2283 CK, Nederland"
317,8400521,Rilland-Bath,51.422779083252,4.16111087799072,"StationRilland, Eersteweg, Werfkampen, Stationsbuurt, Rilland, Reimerswaal, Zeeland, Nederland, 4411 ND, Nederland"
318,8400525,Roodeschool,53.421262,6.7587,"Hooilandseweg, Roodeschool, Het Hogeland, Groningen, Nederland, 9983 RJ, Nederland"
319,8400524,Rosmalen,51.7147216796875,5.36805534362793,"Spoor 1, Vendelierstraat, Rosmalen Centrum, Rosmalen, 's-Hertogenbosch, Noord-Brabant, Nederland, 5241 TT, Nederland"
320,8400529,Rotterdam Blaak,51.9202766418457,4.48888874053955,"Blaak, Stadsdriehoek, Centrum, Rotterdam, Zuid-Holland, Nederland, 3011 GA, Nederland"
321,8400542,Rotterdam Lombardijen,51.8800010681152,4.53138875961304,"Spinozaweg, Zenobuurt, Lombardijen, IJsselmonde, Rotterdam, Zuid-Holland, Nederland, 3076 ZP, Nederland"
322,8400531,Rotterdam Noord,51.9422225952148,4.48166656494141,"Station Noord, Oude Noorden, Noord, Rotterdam, Zuid-Holland, Nederland, 3036 AD, Nederland"
323,8400533,Rotterdam Zuid,51.9044456481934,4.51027774810791,"Rosestraat, Kop van Zuid-Entrepot, Feijenoord, Rotterdam, Zuid-Holland, Nederland, 3071 AL, Nederland"
324,8400537,Ruurlo,52.0810888,6.4492656,"Stationsstraat, Ruurlo, Berkelland, Gelderland, Nederland, 7261 SR, Nederland"
325,8400543,Santpoort Noord,52.4338874816895,4.63250017166138,"Kennemergaardetunneltje, Santpoort-Noord, Velsen, Noord-Holland, Nederland, 2071 LH, Nederland"
326,8400544,Santpoort Zuid,52.4197235107422,4.63138866424561,"61A, Willem de Zwijgerlaan, Santpoort-Zuid, Velsen, Noord-Holland, Nederland, 2082 BB, Nederland"
327,8400603,Sassenheim,52.215278,4.517222,"Sassenheim, Stationsplein, Warmond, Teylingen, Zuid-Holland, Nederland, 2361 HH, Nederland"
328,8400547,Sauwerd,53.29113,6.5404,"2, Stationsstraat, Arwerd, Sauwerd, Het Hogeland, Groningen, Nederland, 9771 AG, Nederland"
329,8400549,Schagen,52.7844429016113,4.80527782440186,"Spoorlaan, Hoep-Zuid, Schagen, Noord-Holland, Nederland, 1741 EN, Nederland"
330,8400551,Scheemda,53.1655362,6.9777775,"Stationsstraat, Scheemdermeer, Scheemda, Oldambt, Groningen, Nederland, 9679 EG, Nederland"
331,8400553,Schiedam Centrum,51.9212438128032,4.4089937210083,"Horvathweg, Schiedam, Zuid-Holland, Nederland, 3112 HD, Nederland"
332,8400555,Schin op Geul,50.856388092041,5.87222242355347,"Spoor 2, Baanweg, Schoonbron, Schin op Geul, Valkenburg aan de Geul, Limburg, Nederland, 6305 PJ, Nederland"
333,8400554,Schinnen,50.9391670227051,5.87444448471069,"2, Borgerweg, Nagelbeek, Schinnen, Beekdaelen, Limburg, Nederland, 6365 CW, Nederland"
334,8400565,Sliedrecht,51.8297233581543,4.77833318710327,"Sliedrecht, Stationsplein, Sliedrecht, Zuid-Holland, Nederland, 3364 DA, Nederland"
335,8400497,Sliedrecht Baanhoek,51.829722,4.743333,"Parallelweg, Sliedrecht, Zuid-Holland, Nederland, 3363 LP, Nederland"
336,8400574,Sneek Noord,53.0409319,5.6631808,"43, Goeman Borgesiuslaan, Sneek, Súdwest-Fryslân, Fryslân, Nederland, 8603 BH, Nederland"
337,8400571,Soest Zuid,52.1652793884277,5.30305576324463,"Eikenlaan, De Eng Zuid, Soest, Utrecht, Nederland, 3765 GM, Nederland"
338,8400569,Soestdijk,52.1836128234863,5.30000019073486,"Spoor 1, Steenhoffstraat, Soest Midden, Soest, Utrecht, Nederland, 3764 BH, Nederland"
339,8400572,Spaubeek,50.94327,5.850529,"Spoor 2, Oude Kerk, Spaubeek, Beek, Limburg, Nederland, 6176 AT, Nederland"
340,8400575,Stavoren,52.8865535,5.3600212,"Stationsweg, Stavoren, Súdwest-Fryslân, Fryslân, Nederland, 8715 HT, Nederland"
341,8400576,Stedum,53.3262092,6.6875551,"Stedum, Eemsdelta, Groningen, Nederland, 9921 PX, Nederland"
342,8400582,Susteren,51.0613899230957,5.86305570602417,"Spoor 1, Spoorstraat, In de Mehre, Heide, Susteren, Echt-Susteren, Limburg, Nederland, 6114 EL, Nederland"
343,8400583,Swalmen,51.23582,6.03228,"Spoor 1, Stationsstraat, Wieler, Swalmen, Roermond, Limburg, Nederland, 6071 KH, Nederland"
344,8400591,Tegelen,51.33894,6.14253,"Spoor 1, Industriestraat, Maasveld II, Tegelen, Venlo, Limburg, Nederland, 5931 NR, Nederland"
345,8400592,Terborg,51.9224549,6.3642466,"25B, Stationsweg, Voorbroek, Terborg, Oude IJsselstreek, Gelderland, Nederland, 7061 CT, Nederland"
346,8400600,Tiel Passewaaij,51.8738899230957,5.39222240447998,"Tiel Passewaaij, Zijweg Oude Tielseweg, Wadenoijen, Tiel, Gelderland, Nederland, 4006 PE, Nederland"
347,8400598,Tilburg Reeshof,51.5736122131348,4.99444437026978,"Spoor 1, Ketelhavenstraat, Campenhoef, Reeshof, Tilburg, Noord-Brabant, Nederland, 5045 NE, Nederland"
348,8400594,Tilburg Universiteit,51.564985,5.051778,"Vijverpad, De Reit, West, Tilburg, Noord-Brabant, Nederland, 5042 RM, Nederland"
349,8400599,Twello,52.2377777099609,6.09861087799072,"30A, Koningin Julianastraat, Centrum, Twello, Voorst, Gelderland, Nederland, 7391 EB, Nederland"
350,8400617,Uithuizen,53.4099568,6.6748869,"Industrieweg, Uithuizen, Het Hogeland, Groningen, Nederland, 9981 HJ, Nederland"
351,8400618,Uithuizermeeden,53.4145845,6.7202975,"1, Stationsstraat, Uithuizermeeden, Het Hogeland, Groningen, Nederland, 9982 AN, Nederland"
352,8400619,Usquert,53.4014742,6.6093776,"2, Stationsstraat, Westerhorn, Usquert, Het Hogeland, Groningen, Nederland, 9988 RP, Nederland"
353,8400607,Utrecht Leidsche Rijn,52.09896,5.06523,"Utrecht Leidsche Rijn, Reykjavikplein, Grauwaart, Leidsche Rijn Centrum E.o., Leidsche Rijn, Utrecht, Nederland, 3543 KB, Nederland"
354,8400623,Utrecht Lunetten,52.0655555725098,5.14416646957397,"Nieuwe Houtenseweg, Lunetten-Zuid, Lunetten, Zuid, Utrecht, Nederland, 3524 SH, Nederland"
355,8400624,Utrecht Maliebaan,52.087776184082,5.13138866424561,"Spoorwegmuseum, Maliebaanstation, Buiten Wittevrouwen, Oudwijk, Buiten Wittevrouwen, Oost, Utrecht, Nederland, 3581 XW, Nederland"
356,8400614,Utrecht Terwijde,52.1000753,5.0439547,"Utrechtseweg, Het Zand, Leidsche Rijn, Utrecht, Nederland, 3544 KV, Nederland"
357,8400613,Utrecht Zuilen,52.103055,5.09,"Sint-Josephlaan, Schepenbuurt, Cartesiusweg E.o., Nieuw Engeland, Schepenbuurt, West, Utrecht, Nederland, 3551 VJ, Nederland"
358,8400635,Varsseveld,51.937257,6.458839,"Varsseveld, Oude IJsselstreek, Gelderland, Nederland, 7051 CE, Nederland"
359,8400628,Veenendaal West,52.0280570983887,5.53138875961304,"Van Veldekelaan, Veenendaal, Utrecht, Nederland, 3906 AC, Nederland"
360,8400637,Veenendaal-De Klomp,52.0458335876465,5.57388877868652,"Stationsplein, De Klomp, Ede, Gelderland, Nederland, 6745 XE, Nederland"
361,8400640,Velp,51.9947204589844,5.98027801513672,"Kastanjelaan, Velp, Rheden, Gelderland, Nederland, 6881 WC, Nederland"
362,8400647,Vierlingsbeek,51.59193,5.99714,"Spoor 2, Parallelweg, Schafferden, Vierlingsbeek, Land van Cuijk, Noord-Brabant, Nederland, 5824 AK, Nederland"
363,8400651,Vleuten,52.103056,5.007404,"Professor Titus Brandsmalaan, Vleuterweide, Vleuten, Vleuten - De Meern, Utrecht, Nederland, 3451 ZX, Nederland"
364,8400653,Vlissingen Souburg,51.4647216796875,3.59527778625488,"Draaibrugpad, Oost-Souburg, Vlissingen, Zeeland, Nederland, 4388 BV, Nederland"
365,8400656,Voerendaal,50.8872222900391,5.93027782440186,"Spoor 2, Hoolstraat, Kunrade, Voerendaal, Limburg, Nederland, 6367 GD, Nederland"
366,8400658,Voorburg,52.0666656494141,4.3594446182251,"Voorburg, Stationsplein, Voorburg, Leidschendam-Voorburg, Zuid-Holland, Nederland, 2275 AZ, Nederland"
367,8400655,Voorhout,52.2244453430176,4.4844446182251,"De Gaasbak, Voorhout, Teylingen, Zuid-Holland, Nederland, 2215 KN, Nederland"
368,8400659,Voorschoten,52.1252784729004,4.43249988555908,"Spoor 3, Van Wassenaerlaantje, Bloemenwijk, Voorschoten, Zuid-Holland, Nederland, 2252 TW, Nederland"
369,8400668,Voorst-Empe,52.1575012207031,6.14361095428467,"IJsselstraat, Empe, Brummen, Gelderland, Nederland, 7399 AC, Nederland"
370,8400661,Vorden,52.1071949,6.3170457,"Stationsweg, Vorden, Bronckhorst, Gelderland, Nederland, 7251 GA, Nederland"
371,8400664,Vriezenveen,52.40203,6.60041,"Vriezenveen, Wierdenseweg, Vriezenveen, Twenterand, Overijssel, Nederland, 7671 GD, Nederland"
372,8400666,Vroomshoop,52.4571921,6.5696679,"Stationslaan, Vroomshoop, Twenterand, Overijssel, Nederland, 7681 BV, Nederland"
373,8400667,Vught,51.65038,5.29218,"8, Bestevaer, Vught, Noord-Brabant, Nederland, 5262 VV, Nederland"
374,8400675,Waddinxveen,52.0441665649414,4.6497220993042,"Waddinxveen, Spoorpad, Gouweplein, Centrum, Waddinxveen, Zuid-Holland, Nederland, 2741 NG, Nederland"
375,8400674,Waddinxveen Noord,52.0550003051758,4.64833354949951,"Spoor 1, Sparrengaarde, Groenswaard 3, Groenswaard 2, Waddinxveen, Zuid-Holland, Nederland, 2742 DM, Nederland"
376,8400677,Waddinxveen Triangel,52.02725,4.6491,"Waddinxveen Triangel, Dubbelspoor, Triangel, Waddinxveen, Zuid-Holland, Nederland, 2742 MX, Nederland"
377,8400679,Warffum,53.3908431,6.5671364,"2, Delthepad, Oostervalge, Warffum, Het Hogeland, Groningen, Nederland, 9989 EK, Nederland"
378,8400686,Wehl,51.9578065,6.213844,"30A, Stationsstraat, Ripperbahnsveen, Plantage, Wehl, Doetinchem, Gelderland, Nederland, 7031 BR, Nederland"
379,8400688,Westervoort,51.96286,5.9695,"Noordelijke Parallelweg, Westervoort, Gelderland, Nederland, 6931 BM, Nederland"
380,8400690,Wezep,52.4541664123535,6.00250005722046,"Stationsweg, Wezep, Oldebroek, Gelderland, Nederland, 8091 AC, Nederland"
381,8400710,Wijchen,51.8116683959961,5.73083353042603,"Spoor 1, Zomertaling, Alverna, Wijchen, Gelderland, Nederland, 6601 DW, Nederland"
382,8400697,Winsum,53.3300994,6.5202905,"Borgweg, Winsum, Het Hogeland, Groningen, Nederland, 9951 BX, Nederland"
383,8400700,Winterswijk West,51.97453,6.70417,"Europark, Winterswijk, Gelderland, Nederland, 7101 RS, Nederland"
384,8400704,Wolfheze,52.0055541992188,5.7936110496521,"Spoor 3, Johannahoeveweg, Duitsekampweg, Wolfheze ten noorden van het spoor, Wolfheze, Renkum, Gelderland, Nederland, 6874 CB, Nederland"
385,8400705,Wolvega,52.8808326721191,6.00361108779907,"P+R Stationsweg, 8, Stationsweg, Wolvega, Weststellingwerf, Fryslân, Nederland, 8471 AR, Nederland"
386,8400706,Workum,52.9724864,5.4564285,"Kiss & Ride, Parallelwei, Workum, Súdwest-Fryslân, Fryslân, Nederland, 8711 CH, Nederland"
387,8400707,Wormerveer,52.4891662597656,4.79222202301025,"10, Wandelweg, Wormerveer, Zaanstad, Noord-Holland, Nederland, 1521 AG, Nederland"
388,8400728,Zaandam Kogerveld,52.4566650390625,4.82027769088745,"Bob Angelostraat, Kogerveld, Zaandam, Zaanstad, Noord-Holland, Nederland, 1508 VA, Nederland"
389,8400732,Zaltbommel,51.8088874816895,5.26333332061768,"Spoor 1, van Heemstraweg-oost, Zaltbommel, Gelderland, Nederland, 5301 KG, Nederland"
390,8400733,Zandvoort aan Zee,52.3752784729004,4.53277778625488,"Spoor 1, Achterweg, Parkbuurt, Zandvoort, Noord-Holland, Nederland, 2042 LH, Nederland"
391,8400734,Zetten-Andelst,51.920056,5.7228408,"4, Parallelweg-Noord, Zetten, Overbetuwe, Gelderland, Nederland, 6671 DK, Nederland"
392,8400737,Zevenbergen,51.64042,4.60904,"Spoor 2, Vaandelweg, Centrum, Zevenbergen, Moerdijk, Noord-Brabant, Nederland, 4761 BC, Nederland"
393,8400740,Zoetermeer Oost,52.0463905334473,4.49277782440186,"Zuidweg, Rokkeveen, Zoetermeer, Zuid-Holland, Nederland, 2718 BA, Nederland"
394,8400743,Zuidhorn,53.2486292,6.4062361,"Hooiweg, Oostergast, Zuidhorn, Westerkwartier, Groningen, Nederland, 9801 AK, Nederland"
395,8400752,Zwijndrecht,51.814998626709,4.64166688919067,"Spoor 3, Tollensstraat, Corridor-Oost, Zwijndrecht, Zuid-Holland, Nederland, 3331 EW, Nederland"
396,8400746,Zwolle Stadshagen,52.52764,6.05146,"Belvédèrelaan, Tippe, Stadshagen, Zwolle, Overijssel, Nederland, 8042 DB, Nederland"
